artist_id,lat,lon
AR00A6H1187FB5402A,42.73383,-84.59334
AR00MBZ1187B9B5DB1,29.95244,-90.05202
AR01IP11187B9AF5D2,28.33268,-80.73486
AR01VU31187B997DA0,43.0026,-83.7826
AR01W2D1187FB5912F,40.01574,-105.27924
AR035N21187FB3938E,34.23294,-102.4102
AR03BDP1187FB5B324,34.05349,-118.24532
AR048JZ1187B9AEB85,30.33138,-81.6558
AR04KTB1187B99B6B7,37.27188,-119.27023
AR059HI1187B9A14D7,33.74831,-84.39111
AR05KQA1187B9963B3,34.05349,-118.24532
AR06M3F1187FB38BED,34.51042,-89.94049
AR06USW1187FB4EACA,37.77916,-122.42005
AR08DYV1187B99A0D7,40.71455,-74.00712
AR08NXW1187B99526D,38.2589,-92.43659
AR0B1CH1187FB3A824,34.56398,-92.58685
AR0B3RS1187FB48F5D,39.10644,-84.50469
AR0B6VD1187B99C293,34.47326,-119.05505
AR0CANF1187B9AF35F,34.05349,-118.24532
AR0ILWV1187FB47CAA,39.75911,-84.19444
AR0IVSA1187FB4F069,40.71455,-74.00712
AR0JEOI1187B98B918,31.1689,-100.07715
AR0JURX1187FB3C8FF,41.39447,-73.61689
AR0KBXO1187B996460,41.58979,-93.61566
AR0LVFQ1187B9A84E0,40.71455,-74.00712
AR0N9BV1187FB3AD01,41.76332,-72.67407
AR0NQD81187FB3AD13,32.74863,-97.32925
AR0O3AV1187FB4D030,40.71455,-74.00712
AR0PUK71187B9AC3C0,40.71455,-74.00712
AR0RCMP1187FB3F427,30.08615,-94.10158
AR0S0EO1187FB490BE,38.62774,-90.19951
AR0SZW11187B98C5E5,40.71455,-74.00712
AR0TZ7T1187B994E37,42.33168,-83.04792
AR0VIQV1187B9978F8,37.77916,-122.42005
AR0WAW61187B98B7D7,40.71455,-74.00712
AR0WQ1Q1187B992E16,40.71455,-74.00712
AR0WXWU1187B9AB33F,42.31256,-71.08868
AR0XJ291187FB45855,39.75911,-84.19444
AR12MUW1187B9A5DF4,29.76045,-95.36978
AR14CJ91187FB3A994,35.52069,-84.36354
AR1518Q1187B98A906,40.99471,-77.60454
AR180PG1187B997BAE,32.77815,-96.7954
AR190KO1187B9905EC,34.05349,-118.24532
AR19GQN1187FB3ACF5,40.71455,-74.00712
AR19SOA1187B98F6E6,40.71455,-74.00712
AR1ABAO1187FB531E1,42.33168,-83.04792
AR1BA6K1187B9A5656,40.74269,-84.10729
AR1BZED1187FB4CDEE,35.14968,-90.04892
AR1CD5Z1187B98F2C2,38.91391,-94.37517
AR1E4V11187B99F400,34.05349,-118.24532
AR1GW0U1187B9B29FD,44.97903,-93.26493
AR1GYND1187B9A9CD3,38.43773,-122.71242
AR1IY3B1187B98B384,39.73926,-89.50409
AR1J7881187B9959D8,37.77916,-122.42005
AR1JGQT1187FB56878,30.23513,-92.26831
AR1NT3H1187B99F67B,28.53823,-81.37739
AR1PCLK1187FB5BBFF,40.14323,-74.72671
AR1PNWN1187FB4A404,29.76045,-95.36978
AR1Q25M1187B9B0D73,40.67856,-73.41853
AR1RHCO1187B9AF0BF,37.77916,-122.42005
AR1RMYB1187FB5A59E,37.27188,-119.27023
AR1RNCJ1187FB3D227,30.2676,-97.74298
AR1S5O61187B9898AC,37.27188,-119.27023
AR1SFKQ1187B98AF13,34.05349,-118.24532
AR1VB2W1187B9901C5,34.05349,-118.24532
AR1W3MA1187B99E6D8,31.1689,-100.07715
AR1WC0X1187B991056,37.77916,-122.42005
AR1WU211187FB57E2B,39.09551,-120.95071
AR1XE381187FB4C685,34.05349,-118.24532
AR1XVTM1187B996D57,44.11559,-120.51484
AR1XZ0N1187B9941D5,35.6731,-89.57334
AR1Y2PT1187FB5B9CE,27.94017,-82.32547
AR1Y37Q1187B9B66D2,40.71455,-74.00712
AR1ZNJO1187B993E46,44.04992,-123.08854
AR1ZZOW1187B99BA84,40.14323,-74.72671
AR20BO61187B9B880E,36.83264,-76.29771
AR223M11187B9ADDD6,33.53858,-112.18628
AR23EC41187FB4805D,40.14323,-74.72671
AR23F7J1187B9A550F,31.96305,-95.27023
AR243ZT1187B9A98D2,32.29869,-90.18049
AR25LGJ1187B9B2492,29.42449,-98.49462
AR2AGLK1187B9AAAD0,34.05349,-118.24532
AR2B3VQ1187FB54129,32.77815,-96.7954
AR2BG0R1187FB398C3,29.59733,-90.71913
AR2C9UQ1187B98E69F,36.38418,-85.32281
AR2DKN01187FB3AA39,38.08767,-102.61916
AR2FJV21187B98EBE3,35.83073,-85.97874
AR2G8SU1187FB4A871,42.33168,-83.04792
AR2HFII1187FB378BC,38.8991,-77029
AR2JD2Z1187B998A90,40.77735,-73.88137
AR2O3B51187B98CD94,35.2225,-80.83754
AR2RVGR1187B9B3219,34.05349,-118.24532
AR2VJMU1187B9947AF,36.49905,-80.60688
AR2VROU1187FB532D7,40.65507,-73.94888
AR31D7E1187FB3BC62,27.10442,-81.33231
AR358YS1187FB44A29,37.20897,-93.29156
AR37E341187B989A3E,36.06899,-79.7947
AR392MV1187FB3C3FE,40.73197,-74.17418
AR3DCWS1187B9A4416,41.88415,-87.63241
AR3DWG81187B98E3FA,40.68869,-73.93918
AR3DYAD1187FB3964E,36.20201,-83.74416
AR3GYKU1187B996AB9,41.05182,-73.54223
AR3JLWI1187FB37141,39.16178,-76.62184
AR3JMC51187B9AE49D,28.53823,-81.37739
AR3KGPQ1187FB53C84,34.05349,-118.24532
AR3L4P91187FB42189,36.16778,-86.77836
AR3MSAN1187B98F06B,33.74831,-84.39111
AR3O0021187B999BC8,42.02534,-93.6202
AR3O66A1187FB39519,40.99471,-77.60454
AR3OS8N1187B9A5F87,29.59733,-90.71913
AR3SEQM1187B98E9E8,39.6425,-77.71758
AR3UJPY1187FB5017B,34.05349,-118.24532
AR43KFF1187B9B74B1,30.9742,-91.52382
AR45KNL1187B992E53,37.77916,-122.42005
AR46CAD1187FB4D84B,34.05349,-118.24532
AR47DOS1187B996105,35.33826,-97.48561
AR47JEX1187B995D81,37.83721,-94.35868
AR47RVG1187B995CE7,30.2676,-97.74298
AR49A9P1187FB3BBBF,26.27249,-80.25306
AR4ABL21187FB3913A,40.99471,-77.60454
AR4AEIP1187FB4030A,33.74831,-84.39111
AR4EQ231187B99368F,39.74001,-104.99226
AR4FGSF1187FB528BE,36.16778,-86.77836
AR4GJ3V1187FB4245B,39.75911,-84.19444
AR4IWYN1187FB47DF6,37.28848,-121.94486
AR4IYQR1187B98F8F3,41.88,-87.77891
AR4K59J1187FB3759B,44.11559,-120.51484
AR4NREB1187B9AEDAC,40.71455,-74.00712
AR4OU721187FB4549D,35.92425,-86.87093
AR4PCIG1187B98D07D,36.16778,-86.77836
AR4PQ891187FB5CA9F,40.76099,-74.20991
AR4R84C1187FB3EC16,40.71455,-74.00712
AR4UJ7O1187B994010,34.30246,-79.87162
AR4W9EZ1187B99282A,29.95369,-90.07771
AR4WS1U1187FB5B02E,36.16778,-86.77836
AR4YKRO1187B9B7829,30.06677,-81.86674
AR50Z881187B9BA197,30.33138,-81.6558
AR52EZT1187B9900BF,40.8079,-73.9454
AR56CNM1187B99442A,41.9293,-88.7493
AR56UY11187FB46D49,38.62774,-90.19951
AR573WK1187FB47167,37.77916,-122.42005
AR576O51187B990C30,31.90143,-84.25274
AR58JT11187B9AF4CC,41.30711,-72.92496
AR58SJE1187B9A8E4C,31.55379,-90.10785
AR5995Z1187B9A112B,39.73926,-89.50409
AR5BX3Y1187FB39E93,32.74838,-117.24681
AR5GMAV1187FB3A8F5,34.05349,-118.24532
AR5J8N51187FB54ED9,38.8991,-77029
AR5LZJD1187FB4C5E5,35.66693,-80.46935
AR5M35O1187B9A0D74,34.05349,-118.24532
AR5M3681187B998D11,37.80506,-122.27302
AR5M4GN1187FB3F2F6,31.1689,-100.07715
AR5N8VN1187FB37A4E,47.60356,-122.32944
AR5OQSV1187B9953AF,34.05349,-118.24532
AR5RVV91187B9A4238,40.99471,-77.60454
AR5WPYF1187B9B40DA,38.25486,-85.7664
AR5ZGC11187FB417A3,37.27188,-119.27023
AR5ZI3K1187FB38BE0,42.31256,-71.08868
AR5ZJLK1187B9B3A8E,35.99527,-78.89601
AR5ZY7R1187B996302,38.8991,-77029
AR63RWN1187FB3E89A,34.56039,-90.91387
AR69GPS1187B99E556,44.00118,-71.6342
AR6BAYL1187B9AC66F,35.83073,-85.97874
AR6BHP31187FB365E1,36.06899,-79.7947
AR6BUE51187B9B5D71,37.82245,-85.69091
AR6BUYW1187B98E221,34.19451,-90.5651
AR6C6VO1187FB4E267,35.14968,-90.04892
AR6CFZ71187B99AE5B,34.23497,-77.94599
AR6DGPH1187B998587,35.83073,-85.97874
AR6GSIE1187B98C3C7,39.49974,-111.54732
AR6HAZT1187FB4A3AA,35.48703,-93.8277
AR6HEHH1187B9985F9,41.41013,-75.66079
AR6HLKR1187B9A735A,34.05349,-118.24532
AR6IJJ41187B98C872,26.30116,-98.1607
AR6J3X81187FB59A7B,40.65507,-73.94888
AR6KNZ01187B9A35D1,34.05349,-118.24532
AR6LOPL1187FB4DABE,38.8991,-77029
AR6OTKA1187B9B6697,34.16788,-111.9307
AR6RXJD1187B9B8B23,39.74001,-104.99226
AR6TD9K1187B9A207D,35.00459,-91.25019
AR6TKMQ1187B9ACEDA,40.65507,-73.94888
AR6UQ8H1187B99DA9E,34.16612,-106.02612
AR6UVLC1187B9B4D4C,42.33168,-83.04792
AR6W5MS1187FB3BF47,34.05349,-118.24532
AR6WICD1187B998708,39.95227,-75.16237
AR6Y8JF1187B9BA1D5,33.92192,-93.14939
AR7358P1187B9B6880,41.50075,-99.68095
AR76YOD1187FB46B24,40.71455,-74.00712
AR77B521187FB4CC70,37.16793,-95.84502
AR77FBJ1187FB49D8D,42.33168,-83.04792
AR7AOEJ1187FB3D279,33.35303,-90.59005
AR7BMMV1187FB5B2D7,39.15093,-123.2079
AR7BPLI1187FB4A306,37.77916,-122.42005
AR7CKG21187B9AD40F,39.73926,-89.50409
AR7EF9H1187FB4D8A3,30.53301,-92.08238
AR7EL201187B9B85D9,39.52517,-87.1187
AR7G0NH1187FB42E47,34.82973,-89.5647
AR7GUNF1187B990CCF,35.2225,-80.83754
AR7ISJJ1187B9B2CD6,31.1689,-100.07715
AR7JPF81187B988D23,32.29869,-90.18049
AR7KKE01187FB3D87B,31.58076,-84.15601
AR7MNIX1187B9A2A68,34.05349,-118.24532
AR7OCK81187B98D1F1,34.05349,-118.24532
AR7Q6QB1187B98A864,27.9758,-81.54106
AR7QAHN1187FB35F8B,26.12367,-80.14356
AR7S48C1187B99711E,33.15049,-96.83464
AR7SF1N1187B9A91D1,33.56173,-81.72239
AR7TTCH1187FB3F95C,34.60515,-98.38983
AR7TTS41187B9B42D3,34.36401,-89.51877
AR7V3VQ1187B9A08AA,30.2676,-97.74298
AR7W7Z01187B998286,37.82245,-85.69091
AR7XU1L1187B98D481,42.31256,-71.08868
AR80BY41187B98DECF,33.45081,-90645
AR80OOA1187B98E726,38.25486,-85.7664
AR80YG31187FB58A13,40.71455,-74.00712
AR82DJK1187B991107,34.05349,-118.24532
AR84AQE1187B98AD9C,36068,-90.9564
AR84BEJ1187FB58F65,39.95227,-75.16237
AR858UO1187FB437B4,35.21962,-80.01955
AR85E3Q1187B997BCA,30.42084,-87.21724
AR86QIW1187B9AD8F0,32.31928,-86.89775
AR88F5X1187FB3EA17,36.16778,-86.77836
AR89DTT1187B9A7ED5,37.77916,-122.42005
AR8BMEQ1187B9B4214,38.2589,-92.43659
AR8FMEN1187FB4A657,34.05349,-118.24532
AR8H87D1187FB3A841,34.03142,-93.50243
AR8HQBB1187B99F7BB,41.70671,-73.92937
AR8I87E1187FB57E2E,34.26624,-118.4164
AR8ICFK1187FB5A3A0,42.33168,-83.04792
AR8IS591187B9981AE,35.96043,-92.66602
AR8K6F31187B99C2BC,46.44231,-93.36586
AR8LD3R1187FB4D08F,30.9742,-91.52382
AR8M6LC1187B998D48,34.41925,-119.69887
AR8PL5L1187FB37A10,37.27188,-119.27023
AR8Q4RZ1187FB46BDC,33.01158,-94365
AR8RXRI1187FB4104B,39.95227,-75.16237
AR8SBT41187B9A5FD9,40.99471,-77.60454
AR8V1WA1187B9AD9E9,42.33168,-83.04792
AR8W8DN1187FB35ED0,34.05349,-118.24532
AR8WHEJ1187B98CDCA,34.7519,-92.13055
AR8XG9J1187FB418C1,33.54243,-90.53727
AR8YUQT1187FB531D0,37.27188,-119.27023
AR8YV1I1187FB45D2B,40.71455,-74.00712
AR91C8S1187B990901,40.23447,-74.29504
AR91GW21187FB4F642,32.74863,-97.32925
AR93D4D1187FB3ACAD,35472,-97.52033
AR93RTI1187B98ECFB,30.38815,-96.0878
AR93WAA1187FB42116,41.35644,-72.09647
AR95F611187B99CE1C,35.14968,-90.04892
AR95QS71187FB3F49A,32.67828,-83.22295
AR9788H1187B9A05D1,39.95227,-75.16237
AR97EHA1187B98AD5F,30.33138,-81.6558
AR9AN471187B99E0DA,33.74831,-84.39111
AR9EZGO1187B9A401F,36.73112,-91.85307
AR9K6SJ1187B989A32,40.14323,-74.72671
AR9LT7R1187FB4543A,30.16602,-96.39998
AR9NA5G1187B98F460,42.33168,-83.04792
AR9O0LF1187B99D0D1,40.71455,-74.00712
AR9O98A1187FB39621,40.71455,-74.00712
AR9OLFX1187B9A5762,31.30757,-96.63166
AR9ST641187B99B4DE,38.62774,-90.19951
AR9SU0S1187FB53D0F,37.27188,-119.27023
AR9VI9M1187FB410CC,41.58979,-93.61566
AR9YQN31187FB45B34,39.95227,-75.16237
ARA0YAE1187B9B1D16,35.21962,-80.01955
ARA26TC1187B9B8505,37.27188,-119.27023
ARA2ZTN1187B98E3ED,41.50471,-81.69074
ARA65601187FB57BD9,40.71455,-74.00712
ARA6QLT1187FB4CB89,34.74865,-92.27449
ARA7WV51187FB532B0,44.48721,-71.56889
ARA82JG1187FB36131,40.76596,-95.3756
ARA8O8L1187B9AD61D,30.79062,-89.8643
ARADC5W1187B993322,36.16778,-86.77836
ARAG1DX1187B98BB10,41.88415,-87.63241
ARAH4TU1187FB51D28,38.62666,-88.94561
ARAHILU122988FD7D1,37.77916,-122.42005
ARAJ5XN1187B9B578B,39.73926,-89.50409
ARAJPHH1187FB5566A,40.7038,-73.83168
ARAKX8D1187B98CCE2,35.83073,-85.97874
ARALP6I1187B989E27,40.86034,-74.12374
ARALUUG1187FB58696,30.43883,-90.44116
ARAOADX1187B98AED3,36.15398,-95.99277
ARAOPEF1187B995099,32.61518,-93286
ARAPI451187B9B6E6F,35472,-97.52033
ARAPLFD1187B98DABD,27.9758,-81.54106
ARAQOK81187B98DD4A,37.16793,-95.84502
ARASJQK1187FB5B9D1,35.61301,-90.33078
ARASWKT1187B9923B7,38.62774,-90.19951
ARAU2Q51187FB50D4C,32.34747,-95.2943
ARAVPU21187B993957,40.19033,-82.66947
ARAWBUP1187B9B93FC,34.7519,-92.13055
ARB054P1187B9AD32E,37.77916,-122.42005
ARB0T441187FB3B064,40.71455,-74.00712
ARB1LM61187FB4DDF4,38.57842,-93.2393
ARB29H41187B98F0EF,41.88415,-87.63241
ARB2M051187FB56FA9,40.71455,-74.00712
ARB336A1187B9A4583,42.25147,-83.18186
ARB8KZ11187B9A21ED,32.67828,-83.22295
ARB9WJ11187B98BF17,42.08317,-71.01724
ARBE9XH1187B9A826F,40.65507,-73.94888
ARBFCK11187FB4C89B,36.17191,-115.13997
ARBFDJW1187B9AD27A,30.2676,-97.74298
ARBGXIG122988F409D,37.77916,-122.42005
ARBJC9U1187B9A70AC,39.95227,-75.16237
ARBJI5N1187FB400D0,40.71455,-74.00712
ARBKUS51187B98A3AC,35.4948,-85.01235
ARBM57Q1187B9AF97C,34.05349,-118.24532
ARBOG0H1187B99F775,47565,-122.62569
ARBQPXY1187B98D67B,25.89958,-97.49553
ARBR7II1187B9B821E,40.65507,-73.94888
ARBU6D71187B9B5319,30.19145,-93.58068
ARBUHDB1187FB3E72C,46.87591,-96.78176
ARBUOMY1187B99F2EB,37.77916,-122.42005
ARBV2AK1187FB5BA33,39.95227,-75.16237
ARBWFER11C8A42BA94,37.77916,-122.42005
ARBYFR71187B99A2A4,30.2676,-97.74298
ARBZAIL1187FB5B1C8,42.31256,-71.08868
ARC15471187FB4640C,38.49809,-98.32023
ARC18161187FB4CF4B,40.71455,-74.00712
ARC2BFH1187B98F3C8,40.71455,-74.00712
ARC3JTL1187FB4A1CE,39.74023,-75.55084
ARC6UC81187B989062,40.71455,-74.00712
ARC7C241187B990F7F,33.74831,-84.39111
ARC95UW1187B9B9A62,43.04181,-87.90684
ARCBYJW1187FB51FD8,41.88415,-87.63241
ARCDCFY122ECCBCC6A,40.99471,-77.60454
ARCDQRB11F4C844880,40.71455,-74.00712
ARCDXI51187FB57A2E,40.19033,-82.66947
ARCEEC91187B9AC4FB,44.97903,-93.26493
ARCH7RE1187FB5B1B9,30.22032,-92.01705
ARCHKD91187B9A0A42,40.71455,-74.00712
ARCHVKD1187B9934E9,37.77916,-122.42005
ARCICZN11EB9C810B3,27.9758,-81.54106
ARCII0J1187FB3A1B4,40.71455,-74.00712
ARCIXWX1187FB4F1DF,37.77916,-122.42005
ARCK6OL1187B99B25F,27.9758,-81.54106
ARCLJQZ11E2835CE37,37.80506,-122.27302
ARCLLH11187FB48DE0,32.77815,-96.7954
ARCP94M1187B9B0F56,42.88544,-78.87846
ARCPN4U1187B9A94B7,42.21464,-72.59378
ARCPY7O1187FB5C0B7,30.2676,-97.74298
ARCQCYR1187B99367F,46.53338,-93.70737
ARCQQ3S1187B9A6D98,31.1689,-100.07715
ARCSHVZ11C8A41575B,36.0632,-94.15791
ARCW5RB1187FB4383F,31.1689,-100.07715
ARCZ20M1187FB49687,32.77942,-91.56123
ARCZN5K1187FB42CF8,31.1689,-100.07715
ARD0FN11187B9B25CD,40.85715,-73.85678
ARD2HR71187B99548F,34.80046,-87.67525
ARD4LQ61187FB470F1,33.53584,-92.82984
ARD94MR11C8A42B029,35.83073,-85.97874
ARD9THI1187B98EAD0,31.1689,-100.07715
ARDBSFT1187B9AC9C1,40.71455,-74.00712
ARDC3571187B9988E1,33.76672,-118.1924
ARDCKVJ1187FB54D1F,35.78032,-87.46671
ARDD9UN1187B98D3A7,31.84666,-91657
ARDE52X1187FB438CD,32.67828,-83.22295
ARDF6RM1187FB5A409,40.71455,-74.00712
ARDFZE61187FB45994,35.83073,-85.97874
ARDHKHJ1187B9B62EA,31.1689,-100.07715
ARDHWW41187B9A86B0,43.07295,-89.38669
ARDIP5S1187FB57056,27.9758,-81.54106
ARDK0551187FB5AC48,31.30627,-96.89774
ARDK5LC1187B9AB681,35.36302,-89.77895
ARDL6T21187FB36FDD,29.89932,-93.92938
ARDMKKB1187B9A0EDA,31.1689,-100.07715
ARDNBQU1187B9B6DC2,45.49441,-114.14328
ARDNQ0R1187B9BA1EF,29.95369,-90.07771
ARDNS031187B9924F0,32.67828,-83.22295
ARDPTGD1187B9AD361,36.87652,-89.58828
ARDQ9AP1187B9BA3F6,42.31256,-71.08868
ARDTECS1187FB538C0,42.93896,-74.18893
ARDUWD61187FB58F58,32.78115,-79.9316
ARDW5AW1187FB55708,42.78668,-96.92803
ARDXWVZ1187B9B52F1,40.71455,-74.00712
ARDY3451187B9A0226,38.68193,-84.59431
ARDZQ5U1187B9ADEAE,37.8695,-122.2705
ARE0OLY1187B9AD19F,40.79263,-73.80817
ARE0X5X1187B993A86,42.32807,-83.7336
ARE2QID1187B98FA19,35.74595,-89.53176
ARE36MM1187B991E50,31.1689,-100.07715
ARE5OK11187FB450F1,39.73926,-89.50409
ARE815V1187B998A43,40.71455,-74.00712
ARE8LV21187B9B9A6B,34.05349,-118.24532
ARE8V001187B994A56,30.2676,-97.74298
ARE9SYU1187B9B9838,29.18752,-82.14039
AREB9421187FB458EF,35472,-97.52033
AREENKN1187B98F35D,40.71455,-74.00712
AREKZKE11F50C4A7D8,44.7272,-90.10126
ARELA4P1187B991507,31.1689,-100.07715
ARELMNO1187FB52929,38.03213,-78.47753
AREN9121187B99D57A,40.71455,-74.00712
ARENXFQ1187B996F17,39.95227,-75.16237
AREOGMA1187B9908EF,37.77916,-122.42005
AREU6JB1187B9911D4,30.9742,-91.52382
AREUUVW1187B99A697,40.7038,-73.83168
AREV0ZO1187B997221,32.77815,-96.7954
AREW0021187B9AF8F9,40.71455,-74.00712
AREW7CO1187B9A1B0D,34.05349,-118.24532
AREWQSE1187B9AEC6C,32.58507,-89.87374
AREXM411187FB560C4,34.04597,-117.84881
AREXX3T1187B989950,38.8991,-77029
AREY3RN1187B993C5F,29.95369,-90.07771
AREZBYP122C86758CC,40.99471,-77.60454
AREZMPH11F4C83B364,35.83073,-85.97874
AREZWC61187FB52DCF,29.76045,-95.36978
ARF0COO1187B99B9EF,43.72233,-90.59239
ARF1FZV1187B98C928,41.0981,-80.65079
ARF1Q9B1187B9ADCC7,33.6671,-117.76505
ARF2EHS1187B994F4E,36.16778,-86.77836
ARF3XJD1187FB38DE0,40.69214,-89.58776
ARF4V431187FB3AA41,27.94653,-82.45927
ARF84A41187B9A34E7,37.87869,-121.94345
ARF88UQ1187FB5A3E9,37.77916,-122.42005
ARF9BNW1187FB3F54B,35.68094,-85.77449
ARF9N341187B9B9BFB,40.71455,-74.00712
ARFFDZU1187FB50682,40.71455,-74.00712
ARFG66D1187FB536B6,40.71455,-74.00712
ARFH6FT1187FB5BF47,39.49974,-111.54732
ARFLD291187B9966AA,30.2676,-97.74298
ARFN2TE11A348EFFB4,36.15398,-95.99277
ARFQ3191187B98AD2E,39.76618,-86.44105
ARFQWAA1187FB3BACB,31.1689,-100.07715
ARFRKCM1187B99A041,35.33204,-96.92483
ARFS01P1187B9A395A,42.17963,-72.92483
ARFVYJI1187B9B8E13,47.60356,-122.32944
ARFXRHR1187B98FF09,32.34973,-90.45987
ARG03XQ1187B99A494,27.9758,-81.54106
ARG09R51187FB4D5C2,34.60515,-98.38983
ARG1FA61187B994921,41.0981,-80.65079
ARG4K2W1187B99EA5D,38.00335,-79.77127
ARG53231187FB3982D,39.95227,-75.16237
ARG99CA1187FB3D09A,38.8991,-77029
ARG9CID1187B9AB010,40.85251,-73.13585
ARG9E8O1187B99AB4F,42.31256,-71.08868
ARGBR4I1187B99D073,47.60356,-122.32944
ARGC7FQ1187FB409CC,40.71455,-74.00712
ARGCFSQ122988F7D0B,40.19033,-82.66947
ARGCY1Y1187B9A4FA5,36.16778,-86.77836
ARGEKDX1187FB3A5BF,40.65507,-73.94888
ARGFFA01187B9A2D11,33.86404,-118.39535
ARGH53H1187B9A5511,29.76045,-95.36978
ARGHPIE1187FB3CCDF,33.7621,-90.30507
ARGHV4C1187B995847,41.51776,-72.75753
ARGIABO1187FB4B3B5,35.32689,-83.80489
ARGJ0911187FB4613F,40.71455,-74.00712
ARGK9MB1187FB37402,40.8448,-73.93585
ARGKD4W1187B990E04,33.71197,-84.10599
ARGKWSI11F50C488CC,38.50205,-117.02258
ARGLOWN1187B99C06D,34.82353,-89.99726
ARGMCPU1241B9C4C34,43.87165,-72.45165
ARGNZOL1187FB5CE7C,37.27188,-119.27023
ARGOLWM1187B98CEDE,43.7427,-84.62167
ARGP3GD1187B999801,37.80506,-122.27302
ARGPFYP1187B98F5CB,39.75911,-84.19444
ARGQANQ11F50C4769E,37.87869,-121.94345
ARGS67J1187FB3FC1A,37.27188,-119.27023
ARGSJW91187B9B1D6B,35.21962,-80.01955
ARGSJXS1187B994788,40.71455,-74.00712
ARGUACZ1187FB3F35C,41.68676,-85.97567
ARGXNS21187B999665,27.9758,-81.54106
ARGY96L1187FB410ED,39.95227,-75.16237
ARH0Z131187B9B69E9,40.8079,-73.9454
ARH0ZIQ1187B99EC94,37.77916,-122.42005
ARH3TXI1187FB3A486,36.16778,-86.77836
ARH42KA11C8A416880,37.77916,-122.42005
ARH4Z031187B9A71F2,40.73197,-74.17418
ARH6S8I1187B9893FB,38.8991,-77029
ARH9NBO1187FB43904,38.00335,-79.77127
ARHB1961187B9B1732,34.05349,-118.24532
ARHBV1W1187B9B496C,30.2676,-97.74298
ARHCHE61187B9AB217,30.23513,-92.26831
ARHG53Q1187B9ACBFC,32.67828,-83.22295
ARHIC3Q1187B9B1773,40.65507,-73.94888
ARHK7A51187FB411D8,40.58751,-122.39293
ARHKOPH11F919A768B,40.19033,-82.66947
ARHL8SP1187B98F8A3,40.71455,-74.00712
ARHNMEZ11F50C4706C,35.83073,-85.97874
ARHOCA51187FB39213,40.71455,-74.00712
ARHONG11187FB3B120,29.78772,-95.82333
ARHP6H31187FB4A38C,27.9758,-81.54106
ARHPDQM1187FB3C318,31.15509,-95.96653
ARHRKTK1187B99E1D5,42.33168,-83.04792
ARHRP6Q1187FB3F016,43.04181,-87.90684
ARHRY5S1187B99B96F,32.61436,-86.68073
ARHSAFX1187B98E89A,31.1689,-100.07715
ARHSAXP11EB9C80B35,43.7427,-84.62167
ARHSNFO1187B993B7C,27.9758,-81.54106
ARHT0B11187B993CB3,30.22032,-92.01705
ARHTP2H1187B9A9A7F,43.58915,-98.44127
ARHWO3N1187B98F196,39.10295,-94.58306
ARHZCG01187B99E4DE,39.95227,-75.16237
ARI3BMM1187FB4255E,38.8991,-77029
ARI4S0E1187B9B06C0,35.83073,-85.97874
ARI6NMB1187FB3FE1E,35.83073,-85.97874
ARI88U61187FB41C60,33.67466,-101.3878
ARIBU2J1187FB5B09F,35.72171,-77.91615
ARID33C1187FB4610A,34.16788,-111.9307
ARIF3EV1187B9B8522,43.00029,-107.55405
ARIG6O41187B988BDD,37.16793,-95.84502
ARIHWZG11F50C50E1C,34.05349,-118.24532
ARIIEQL1187FB5CE68,41.26069,-95.93995
ARIIXHS11F50C48D0D,33.62646,-80.9474
ARIN12F1187FB3E92C,30.24216,-89.60586
ARIQD5J1187B98D8DC,31.1689,-100.07715
ARIR1PS1187B9AFFFA,34.05349,-118.24532
ARIS3CU1187B9B9423,37.16793,-95.84502
ARIUHYM1187B9AEAE4,39.17881,-96.56183
ARJ1YJV1187B9955DA,41.88415,-87.63241
ARJ3DXR1187FB4F879,38.8991,-77029
ARJ3TAF1187FB4AAB1,37.27188,-119.27023
ARJ7NR71187FB437B7,35.5953,-89.26212
ARJ8YLL1187FB3CA93,40.69626,-73.83301
ARJ8ZIQ1187FB3FB5A,40.11727,-88.20449
ARJANQY1187B9A82F7,34.05349,-118.24532
ARJAOPV1187B9A96D9,37.16793,-95.84502
ARJDR071187B98CBBB,38.62774,-90.19951
ARJFOC01187FB413A5,33.59233,-101.85587
ARJIQLJ1187B998316,30.9742,-91.52382
ARJIWJH1187FB3F6B9,34.14632,-118.24802
ARJQ5JM1187FB486C7,35.83073,-85.97874
ARJR7S11187FB36A2A,40.65507,-73.94888
ARJUNZD1187B9A5DAE,34.07292,-118.39981
ARJVTRE1187B9959C0,40.71455,-74.00712
ARJWDVS11F4C8456F1,35.83073,-85.97874
ARK02331187B9A631E,43.7427,-84.62167
ARK2P961187B9AD524,39.95227,-75.16237
ARK30AI1187FB3C777,40.71455,-74.00712
ARK7ZPW1187B99C170,40.71455,-74.00712
ARK82DC1187B9A1FEB,38.59264,-90.35591
ARK9TRQ1187B99C095,41.50471,-81.69074
ARKAUWC122988EDAD8,40.71455,-74.00712
ARKBCZ91187B98F486,34.01156,-118.49229
ARKBTAQ1187B9B4219,40.5725,-74154
ARKBTPV1187FB38A79,32.51461,-93.74727
ARKEFM61187B9A8202,30.99688,-94.82807
ARKGGBJ122ECCBAC65,41.51776,-72.75753
ARKKPRW1187FB4D81E,38.99792,-105.55096
ARKL75U1187FB5B8B6,43.01437,-88.23546
ARKMIBT11F4C8430D9,40.71455,-74.00712
ARKOVFX11EBCD75758,34.05349,-118.24532
ARKPDFV1187B99804D,33.58608,-86.28641
ARKQN8X1187B99221C,40.73197,-74.17418
ARKQQZA12086C116FC,38.8991,-77029
ARKRQSV1187B99FB13,35.14968,-90.04892
ARKT5SH1187B9AE8BF,34.09834,-118.32674
ARKU2GK1187B98C8AB,40.71455,-74.00712
ARKULSX1187FB45F84,39.49974,-111.54732
ARKVMRR122CC3B110A,35.21962,-80.01955
ARKYI5T1187B99334F,35.21962,-80.01955
ARKZT1W1187FB54EEA,37.27188,-119.27023
ARL3X871187B996C0C,41.00461,-76.45327
ARL43EQ1187FB4D5EC,46.44231,-93.36586
ARLB7A11187B9A331A,30.22403,-93.22011
ARLBXGO11F4C83E520,27.9758,-81.54106
ARLDW2Y1187B9B544F,39.75911,-84.19444
ARLEYVQ122C86774EB,40.99471,-77.60454
ARLGUTA1187B9B605F,40.85715,-73.85678
ARLGWFM1187FB4AC9F,34.05349,-118.24532
ARLIIVS1187FB5583B,39.29055,-76.6096
ARLJWTL1187B98C0DE,42.31256,-71.08868
ARLLRL61187B9B6698,47.25513,-122.44165
ARLMRES11F4C83E1E1,44.11559,-120.51484
ARLNMEP11C8A41519E,34.05349,-118.24532
ARLQ5EV1187FB4491D,38.99792,-105.55096
ARLR9U31187B9A71AD,42.32807,-83.7336
ARLSGUY1187B98AEBC,37.16793,-95.84502
ARLTWXK1187FB5A3F8,32.74863,-97.32925
ARLTX751187B9A1828,33.52029,-86.8115
ARLWR721187B9A03C9,35.82213,-88.91599
ARLZ2LD1187B9B17FD,41.18466,-73.19907
ARLZ3CF1187B98BD56,37.77916,-122.42005
ARLZLMN1187B9AD1CB,42.31256,-71.08868
ARLZN951187FB42E49,47.60356,-122.32944
ARM0RY81187B9AF248,34.05349,-118.24532
ARM3QKQ1187FB421E0,40.71455,-74.00712
ARM5JLS1187FB3615B,34.27611,-88.35068
ARM7UY51187B993E17,40.71455,-74.00712
ARMAC4T1187FB3FA4C,40.82624,-74.47995
ARMAPSZ11F50C48146,40.994709,-77.604538
ARMB95F1187B9B5B93,40.8079,-73.9454
ARMBR4Y1187B9990EB,37.77916,-122.42005
ARMEYJD1187B9A4522,41.82387,-71.41199
ARMGJ1W1187FB53EEC,27.9758,-81.54106
ARMJAGH1187FB546F3,35.14968,-90.04892
ARMKO9M1187B9B0848,32.67828,-83.22295
ARMM7T01187B9B31E0,37.27188,-119.27023
ARMOHN71187FB3959F,33.6671,-117.76505
ARMORUX11F50C4EEBF,31.1689,-100.07715
ARMRCET1187FB52049,33.99363,-117.97092
ARMSW7X1187FB5B504,34.05349,-118.24532
ARMT23H1187B995083,29.42449,-98.49462
ARMTE8E1187FB5ACC2,32.96197,-93.13913
ARMVRLO11F4C846488,40.99471,-77.60454
ARMW4I01187B98AEF8,34.05349,-118.24532
ARMX0GY1187B98B62E,30.22032,-92.01705
ARMYPSO11F50C49252,40.71455,-74.007118
ARMZJIZ1241B9CA2DB,37.16793,-95.84502
ARN1J741187B99EFB9,38.8962,-121.07887
ARN2C4X1187B9B363C,26.12367,-80.14356
ARN2ZKL1187FB3972B,37.16793,-95.84502
ARN5NHX1187FB4F755,41.88415,-87.63241
ARN6EWN1187B9A4600,29.89932,-93.92938
ARN6M7I1187FB4DEAF,37.27188,-119.27023
ARNBFWO1187FB4D1DD,37.27188,-119.27023
ARNBXZH122988F2C16,40.71455,-74.007118
ARNDB1X1187B990AA0,34.05349,-118.24532
ARNEL2O1187FB4421A,33.89627,-89.00018
ARNF6401187FB57032,40.79086,-73.96644
ARNFTGS1187B9A465F,34.05349,-118.24532
ARNHMFD1187FB3B3F6,40.72023,-73.24922
ARNILB71187B99EC88,34.05349,-118.24532
ARNLE621187B98ECB5,41.26069,-95.93995
ARNLOIO11F4C841019,35.83073,-85.97874
ARNMHWR11F4C83B384,37.44466,-122.16079
ARNMWP51187FB3E963,41.88415,-87.63241
ARNNPJM1187FB3DB37,35.62327,-95.97585
ARNNQBT1187FB437C1,33.74907,-117.87394
ARNUFGE1187B9B7881,40.85715,-73.85678
ARO0QD41187FB3AB0A,34.05349,-118.24532
ARO1D981187B9A0D24,40.71455,-74.00712
ARO2PB81187B98EB4A,35.83073,-85.97874
ARO32TC1187FB39461,35.83073,-85.97874
ARO4H5M1187FB4384D,37.16793,-95.84502
ARO5T1P1187B9AC680,40.65507,-73.94888
ARO7FES1187B9A59BE,43.1763,-76.27503
AROATPL1187FB48E12,34.16788,-111.9307
AROBI4X1187B99550D,35.67484,-90.09876
AROBQ0B1187FB404F6,30.42084,-87.21724
AROBVNV1187FB3F36C,42.28107,-71.23605
AROF4LP1187FB41C51,31.1689,-100.07715
AROGO6K1187B992A39,34.05349,-118.24532
AROI2SN1187B98E9FD,34.05464,-117.75002
AROIL3N1187B9A9975,33.6671,-117.76505
AROJ4RQ1187FB50102,39.73926,-89.50409
AROKDJ41187B9A7700,40.71455,-74.00712
AROMB601187B991317,40.65507,-73.94888
AROMMO41187B99F8FF,38.99792,-105.55096
ARON0YP1187FB4B465,40.71455,-74.00712
ARORFIN1187FB3BE5C,43.0026,-83.7826
AROUOZZ1187B9ABE51,40.79195,-73.94512
AROVY9L1187FB3A97C,35.83073,-85.97874
AROZFLY11F50C4F54F,27.9758,-81.54106
ARP06GY1187B98B0F0,42.33168,-83.04792
ARP2TO91187B9913EA,29.95369,-90.07771
ARP32X81187B99EBF5,42.33168,-83.04792
ARP5MSK1187B99A54C,34.0737,-90.49217
ARP5P651187FB5397F,32.34922,-92.72139
ARP96FM1187B9AEA77,44.97903,-93.26493
ARPBNLO1187FB3D52F,40.71455,-74.00712
ARPC5161187B9AF35C,38.05157,-77.34762
ARPCDZM1187B996876,42.18419,-71.71818
ARPEJMN11F4C84080E,38.00335,-79.77127
ARPEUYM1187FB4A97A,30.4951,-91.25276
ARPFHN61187FB575F6,41.88415,-87.63241
ARPFKK81187B99878D,39.14465,-89.10827
ARPGPI81187B98AEEA,34.16788,-111.9307
ARPGT071187B9A6512,35.53849,-76.62118
ARPGYM11187FB4B1E1,35.83073,-85.97874
ARPHDQC11EBCD7802B,34.05349,-118.24532
ARPJNT81187B98AD36,38.25486,-85.7664
ARPKATM1187B9B76E6,41.30711,-72.92496
ARPKK761187FB4D53C,40.10216,-85.67869
ARPN0NC1187B991591,33.51711,-90.18043
ARPOQKS1187B988FE2,27.9758,-81.54106
ARPOV8N1187FB4D78F,39.95227,-75.16237
ARPQ4Z01187FB3A736,29.42449,-98.49462
ARPRQSD12086C16679,38.2589,-92.43659
ARPU5CQ1187FB4469F,40.71455,-74.00712
ARQ05GM1187B990512,33.99604,-117.75801
ARQ0HOT1187B9A25FA,42.31256,-71.08868
ARQ6DNW1187FB4DF1D,36.83264,-76.29771
ARQ76LG1187B9ACD84,34.05349,-118.24532
ARQ91R31187FB38A88,37.82245,-85.69091
ARQ9BO41187FB5CF1F,40.99471,-77.60454
ARQATWU1187B98EE26,40.14323,-74.72671
ARQDHPO1187B9A9F7C,30.68639,-88.05324
ARQDONM1187B9BA1AD,34.19451,-90.5651
ARQESNI1187FB511EE,38.8991,-77029
ARQFPCY1187FB552CE,34.05349,-118.24532
ARQFPFK1187FB533E1,41.88415,-87.63241
ARQGYP71187FB44566,34.31109,-94.02978
ARQHJLT11F50C4C101,41.51776,-72.75753
ARQIB731187FB3BE17,42.31256,-71.08868
ARQIWOW11F4C840FF1,38.2589,-92.43659
ARQL2SZ1187B99244B,31.1689,-100.07715
ARQMTJR1187FB42BB5,32.58507,-89.87374
ARQMYTM1187FB4678C,36.06899,-79.7947
ARQOC971187B9910FA,42.73383,-84.59334
ARQQARA1187FB3F2AB,39.41574,-77.41203
ARQUMH41187B9AF699,34.05349,-118.24532
ARQVC1L1187FB440DE,38.04859,-84.50032
ARQXAUH1187B9BA010,33.90698,-88.95535
ARQXJW51187B9AEE27,44.00118,-71.6342
ARQXM2T1187B98FF32,34.27798,-87.82828
ARQZRQ11187B9A5918,35.2225,-80.83754
ARR40ZV1187B9A10A8,40.99471,-77.60454
ARR575U1187B98FB97,38.8235,-75.92381
ARR7YYN1187FB5C015,30.6554,-97.00189
ARR8AIK1187B9A0BCE,34.30138,-90.64208
ARRBINW1187B98AE6D,40.65507,-73.94888
ARRCKE61187B99377F,40.88104,-74.1148
ARRDGGE11F4C843F32,37.77916,-122.42005
ARRDRI71187FB46EAA,40.65507,-73.94888
ARRE5MX1187B992292,40.71455,-74.00712
ARRGJY81187B9B2878,39.76618,-86.44105
ARRH2S81187B98C8AA,43.07295,-89.38669
ARRHLSD11F4C845076,39.73926,-89.50409
ARROLGK1187FB5738D,39.26271,-121.01914
ARROUEA1187FB4AA0F,38.8991,-77029
ARRPCKN1187FB5BA2F,33.20271,-94.68121
ARRR4Y81187FB524CE,30.76753,-92.11789
ARRRVMG1187FB532AC,29.36624,-100.89818
ARRSIQ11187B98F216,34.05349,-118.24532
ARRTQ3Y1187B9AC835,36.97402,-122.03095
ARRU9GR1187FB43F56,33.46797,-82.50293
ARRVGAX1187FB4D745,35.21962,-80.01955
ARRVIZY1187FB41246,37.27188,-119.27023
ARRW6DJ1187FB50A67,40.71455,-74.00712
ARRWAD71187FB3FE44,40.71455,-74.00712
ARRWDU31187B9B5656,38.62774,-90.19951
ARRWQW61187FB5B301,30.2676,-97.74298
ARRX4FO1187FB58DD6,30.33138,-81.6558
ARRXEJJ11F4C841087,37.16793,-95.84502
ARRYTVF1187FB4A460,38.8235,-75.92381
ARRZFUG1187B98AD42,37.41402,-79.14284
ARS10A81187B9B6E16,41.88415,-87.63241
ARS5Z5P1187FB3F325,43.7427,-84.62167
ARS755J1187B9920C6,37.27188,-119.27023
ARS7E2E1187FB361BC,31.1689,-100.07715
ARS7WBX1187B98CA38,32.58507,-89.87374
ARS8KBY1187FB4BC7E,39.95227,-75.16237
ARS8VY21187B990549,40.19316,-85.38173
ARS94L01187B9AD297,34.41925,-119.69887
ARSAJKR1187FB4C5DC,42.33168,-83.04792
ARSC6WR1187FB40B18,46.91008,-98.70853
ARSCLMG1187FB3CEE4,37.77916,-122.42005
ARSDFYB11F50C4F736,34.05349,-118.24532
ARSDSMG1187B98CB59,40.71455,-74.00712
ARSE6YI1187B9B9CD2,30.2676,-97.74298
ARSEUOO1187B999569,29.57535,-97.14306
ARSGZ3J1187FB3E610,34.01156,-118.49229
ARSKPIJ11F50C50608,34.05349,-118.24532
ARSL5SP1187B9A7AE0,34.05349,-118.24532
ARSPC9J1187B9A7EA1,33.74831,-84.39111
ARSPIHU1187B99DDD8,37.77916,-122.42005
ARSRFOY1187B9917DA,41.88415,-87.63241
ARSS4Y41187B9B0AC6,38.41982,-82.44537
ARSX3I61187B98FAC7,35.03731,-90.06146
ARSX6IX1187B9B640C,35.14968,-90.04892
ARSYOWS1187FB41157,40.71455,-74.00712
ART09111187FB5BF48,32.36503,-88.70307
ART3O5Z1187B9AB043,32.77815,-96.7954
ART59BB1187FB3866E,34.19363,-79.76906
ART70HI1187B9A37BC,32.20703,-90.14988
ARTB5PP1187FB523B7,41.88415,-87.63241
ARTBFV61187FB3C250,34.05349,-118.24532
ARTDBI61187FB48479,42.99671,-85.59012
ARTDUXM1187B9899ED,32.33112,-90.60536
ARTE3P61187B9A709D,41.26069,-95.93995
ARTE6AQ1187B9B2826,42.33168,-83.04792
ARTHKHA1187FB3996A,40.85251,-73.13585
ARTJ9GZ1187B9B46DE,41.88415,-87.63241
ARTO9UO1187B9B2D47,35.21962,-80.01955
ARTOC971187FB37592,40.14323,-74.72671
ARTR7971187FB4CF69,41.50471,-81.69074
ARTT43U1187B9A9E9B,34.19423,-118.39157
ARTUXSS1187FB4BD20,40.71455,-74.00712
ARTXGGI1187B9B3D58,38.54666,-121.74477
ARTXJFJ1241B9C55EF,37.16793,-95.84502
ARTYGL51187B98F9D3,33.13178,-91.96148
ARTYIAO11F4C83EE8E,42.31256,-71.08868
ARU0HTX1187B98B4C6,34.05349,-118.24532
ARU230L1187FB4642F,37.80506,-122.27302
ARU2I2B1187FB472E8,33.95319,-84.54588
ARU34651187B99A264,40.71455,-74.00712
ARU5CP31187FB44C3A,31.1689,-100.07715
ARU81FP1187B98C71E,35.6139,-88.8194
ARU868Z1187FB47319,42.18419,-71.71818
ARU9Q5Q1187FB3D6EB,34.05349,-118.24532
ARUAKAN1187FB48204,39.2794,-74.57555
ARUDY181187B9B5F49,31.03896,-93.97961
ARUDYKB11F4C83C269,29.95369,-90.07771
ARUEYGC1187FB3D94B,41.88415,-87.63241
ARUF71J1187FB511C1,37.08571,-88.59583
ARUFCZ41187B9A868E,27.9758,-81.54106
ARUG6DV1187B992475,33.45081,-90645
ARUGU0E1187B9B30F6,34.05349,-118.24532
ARUGX5X1187FB468C4,34.15917,-118.50119
ARUHT3M1187FB44FB4,41.51776,-72.75753
ARUIRXF1187FB45BC6,31.1689,-100.07715
ARUKNSS1187FB435E3,40.71455,-74.00712
ARUME5Q1187B9B1AA7,46.23518,-119.09456
ARUNHZF122988ED7DA,35.21962,-80.01955
ARUNYOW1187FB43F2A,34.96578,-80.07691
ARUP5LV1187FB50BD8,34.16788,-111.9307
ARUQSEE1187B9983F8,40.75851,-82.5148
ARUT16P1187FB532A4,33.39847,-91.03786
ARUTEVU1187B9ACAF9,34.05349,-118.24532
ARUUP4L1187B9B72EB,32.71568,-117.16172
ARUVPCM1187FB5C281,37.16793,-95.84502
ARUYGJ31187B9A2FEA,30.33138,-81.6558
ARUZLXZ1187FB3BFF1,34.16788,-111.9307
ARUZS6L1187FB50A56,38.62774,-90.19951
ARV1ALU1187FB4D77E,33.6671,-117.76505
ARV1JVD1187B9AD195,35.91463,-79.05661
ARV21JS1187B99E516,40.73197,-74.17418
ARV2F621187B993BF6,37.77916,-122.42005
ARV2V751187FB4330F,40.14323,-74.72671
ARV2X851187FB41A78,42.31256,-71.08868
ARV33RQ1187B9A5734,38.00335,-79.77127
ARV38M11187B99424D,37.27188,-119.27023
ARV4BPJ1187B99C978,34.02791,-94.73954
ARV4KO21187FB38008,37.80506,-122.27302
ARV57NY1187FB3C1DC,37.33847,-121.88579
ARV5O111187B9A3F3A,47.61002,-122.18755
ARV8DLF1187B9A4C7C,34.05349,-118.24532
ARVAE1F1187B994957,39.95227,-75.16237
ARVBG53119B8668924,40.71455,-74.00712
ARVCCEM11F4C83DD74,31.1689,-100.07715
ARVCNOU1187FB4C6F0,35.30914,-98.52102
ARVEXQ51187B9B8237,34.05349,-118.24532
ARVEZFH1187B9A6F9C,38.66059,-77.24787
ARVG8T61187FB440EB,42.31256,-71.08868
ARVGPOM1187FB55737,39.95227,-75.16237
ARVJVFF1187B9B40D6,40.7174,-74.04323
ARVKT151187B9A181D,33.98163,-117.37388
ARVLMSG1187B98E07E,34.74865,-92.27449
ARVML4B1187FB52324,40.73197,-74.17418
ARVMZFK11F50C4A0D2,37.77916,-122.42005
ARVNDLR1187B99CA1B,35.30914,-98.52102
ARVNK831187FB48831,37.27188,-119.27023
ARVO6RD1187FB403CA,40.71455,-74.00712
ARVOWE21187FB3AE3C,41.88415,-87.63241
ARVQ4QM1187B98AD95,33.52029,-86.8115
ARVQ7I31187B9B64C9,40.43831,-79.99745
ARVQTZP1187FB40283,37.77916,-122.42005
ARVTGUZ1187B9AA3DA,30.43977,-84.28065
ARVVSJC1187FB3A637,34.05349,-118.24532
ARVXKTV1187FB44139,36.97402,-122.03095
ARVZWQ31187B9B8946,34.05349,-118.24532
ARW2Y3Q1187FB38020,42.3519,-71.14566
ARW45K91187FB3DE04,44.00118,-71.6342
ARW4AGO1187FB4F107,33.45081,-90645
ARW5IF01187B9AEA98,33.6671,-117.76505
ARW6LIW1187B9966CD,39.10295,-94.58306
ARW9LQ31187FB4336D,41.52493,-88.08459
ARWADDH1187B98FDBB,34.05349,-118.24532
ARWBAI21187B991E2E,41.88415,-87.63241
ARWBYIR11F4C83B3FE,38.8235,-75.92381
ARWC3XN1187B9A8D82,40.71455,-74.00712
ARWC6LA1187B9B2096,37.27188,-119.27023
ARWEPRZ1187FB4E2BB,40.71455,-74.00712
ARWGIOC1187FB4CBEF,37.16793,-95.84502
ARWHM281187FB3D381,37.80506,-122.27302
ARWIMT21187B9B5AEC,32.58507,-89.87374
ARWLV931187B9B0F5A,30.33138,-81.6558
ARWPHQB11F4C83B42B,35.21962,-80.01955
ARWQ2DR1187B98FF28,32.46292,-84.98763
ARWQ3M31187FB4CF01,33.74831,-84.39111
ARWUK9L11C8A42C37B,32.58507,-89.87374
ARWVMJA1187B98AA6E,37.27188,-119.27023
ARWY7I71187FB36C3D,40.71455,-74.00712
ARWYDXE12420780913,37.27188,-119.27023
ARWYVP51187B98C516,42.33168,-83.04792
ARWZE8O1187B9B8480,40.71455,-74.00712
ARWZSFC1187FB567BF,40.65507,-73.94888
ARX0X2D1187B99F515,30.9742,-91.52382
ARX2R5A1187FB5B85B,33.74831,-84.39111
ARX4D1E1187B9A9C4D,40.21787,-74.7594
ARX6TAQ11C8A415850,40.71455,-74.00712
ARX8PZU1187B9AA7E2,32.51461,-93.74727
ARXALW01187FB4B466,40.71455,-74.00712
ARXBOZ01187FB38261,44.80171,-68.77077
ARXBXVM11E9057944C,40.19033,-82.66947
ARXCUQE1187B9ADD91,43.04181,-87.90684
ARXDDH31187FB3DF1C,30.08615,-94.10158
ARXFWVC1187B98ED6B,41.51526,-90.43987
ARXGICZ1187FB444DD,44.97903,-93.26493
ARXHFWE1187FB410A9,34.20034,-119.18044
ARXICPY122CC3B292D,37.27188,-119.27023
ARXIIEY1187FB44EAF,35.14968,-90.04892
ARXJSHW1187B9A2A52,25.72898,-80.23742
ARXLOGT1187FB45068,34.19767,-101.69814
ARXOUML1187FB48ACB,45.51179,-122.67563
ARXP9GE1187FB3ED0E,42.68318,-83.13702
ARXPDRB1187B9AD0B1,41.88415,-87.63241
ARXR2N11187B99857E,34.18806,-118.94151
ARXSABR11E8A2E29BF,46.44231,-93.36586
ARXSPYZ1187B98972A,36.2929,-95.15261
ARXXCHI1241B9C54EE,29.97525,-95.6802
ARXZIHJ1187B9A4ED9,41.94508,-71.28109
ARY0W1O1187FB5B8C0,29.76045,-95.36978
ARY1QJF1187B98EF3F,34.05349,-118.24532
ARY2ZUX1187B9A266C,37.77916,-122.42005
ARY6EBA1187B9AD525,41.36149,-74.27362
ARYBP3U1187B9B3A4C,39.95227,-75.16237
ARYBUAO1187FB3F4EB,41.88415,-87.63241
ARYCKB61187B998E70,29.76045,-95.36978
ARYFXQ21187FB4DAEF,27.53092,-99502
ARYHPHB12131B4B793,34.05349,-118.24532
ARYHTAK11F50C4A2FB,32.22155,-110.96975
ARYI8NC1187B994FE9,44.00118,-71.6342
ARYIQQN1187FB55196,39.10644,-84.50469
ARYISOC1187B9998F1,36.03256,-86.78916
ARYJ6RP1187B9B3827,36.16778,-86.77836
ARYNSN31187FB4C573,39.96196,-83.00298
ARYOPH81187B98AEED,40.65507,-73.94888
ARYOW7G1187FB373D0,33.52029,-86.8115
ARYT3BY1187B98C20E,42.4266,-71.07352
ARYW3V11187B99C8C9,33.74831,-84.39111
ARYXELS1187B9A5991,41.50471,-81.69074
ARYYCVC1187B9A8510,35.04644,-85.30946
ARYZQIU1187FB4BBF8,40.71455,-74.00712
ARYZX981187B9A995B,30.9742,-91.52382
ARZ05QG1187FB3843E,31.55379,-90.10785
ARZ185I1187FB5B8C5,33.74831,-84.39111
ARZ1PTN1187B9967D9,33.46725,-96.91393
ARZ3E3Z1187FB43F7C,37.16793,-95.84502
ARZ7IH41187FB3B8F5,40.71793,-73.59354
ARZ7OD71187B9940A7,40.71455,-74.00712
ARZ96PB1187B98F5C9,36.16778,-86.77836
ARZCXO91187FB53708,32.67828,-83.22295
ARZDYBC1187B9A3142,36.0632,-94.15791
ARZEA421187FB5B5BA,34.05349,-118.24532
ARZH0R61187FB422AE,38.62774,-90.19951
ARZHLNX1187FB4B8E7,40.71455,-74.00712
ARZHXR61187FB3D065,40.65507,-73.94888
ARZJKZR1187FB3EFC2,32.38012,-86.30063
ARZL6CE1187FB3F264,27.9758,-81.54106
ARZMWNY1187B99EBF1,41.82387,-71.41199
ARZO73F1187FB4BF23,39.95227,-75.16237
ARZP2M21187FB59C63,42.31256,-71.08868
ARZQ6SW1187B9AD3E2,40.14323,-74.72671
ARZSFIJ1187B98B8BC,36.16778,-86.77836
ARZTGQE1187FB461D9,27.9758,-81.54106
ARZVEF91187B9AC770,40.71455,-74.00712
ARZVTZN1187FB579D4,32.20049,-94.35887
ARZWAHK119B8668273,48.55286,-109.67097
ARZXVY01187B9972EC,38.99792,-105.55096
ARZYPLF1187FB45B9B,34.05349,-118.24532
